{

    "lt": "41.878725",
    "ln": "-87.635797",
    "tz": "America/Chicago",

    "diptype": "apparent",
    "ea": -15.0,
    "eh": 211,
    "eo": 211,
    "fa": -18.0,
    "fea": 1.0,
    "ia": 4.5,
    "isn": -10.0,
    "k": 0.155,
    "t": 10.0,
    "rsa": 1.0,
    "vc": 3.53,
    "p": 1010.0
}